round,slice,frame,object_ref,cell,what,why,severity,owner,rule_id,evidence,action,rules_version,note
calib,C0,adasind_019560.jpg,R1,na,MISSING,E1_annotator_error,P1,annotator,R03,"adasind_019560.jpg: (595,739,730,911) nguoi ao vang canh xe dap",rework,v1.0.0,Rider R03 tren xe hai banh gop thanh Bike duy nhat
calib,C0,adasind_019560.jpg,R2,na,MISSING,E1_annotator_error,P1,annotator,R03,"adasind_019560.jpg: (427,736,535,910) xe may nguoi ao do tren duong",rework,v1.0.0,Xe may giua long duong H>170px thoa man R01 va R03
calib,C0,adasind_019560.jpg,R3,na,MISSING,E1_annotator_error,P1,annotator,R04,"adasind_019560.jpg: (39,773,99,850) auto-rickshaw vang mep trai",rework,v1.0.0,ThreeWheeler R04 o edge zone H=77px >= 40px R01
calib,C0,adasind_019560.jpg,R4,na,MISSING,,,,,,,,
calib,C0,adasind_019560.jpg,R5,na,MISSING,,,,,,,,
calib,C0,adasind_019560.jpg,R6,na,MISSING,,,,,,,,
r2_qa,B2-dense,adasind_062370.jpg,B3,L_only,BOX_GEOMETRY,,P2,qa,R02;R05,"Bike sát biên phải, cần kiểm box theo phần nhìn thấy và thuộc tính truncated/edge_zone",keep_with_reason,v1.0.0,
r2_qa,B2-dense,adasind_069450.jpg,B5-B7,L_only,BOX_GEOMETRY,,P2,qa,R01;R03,"Ba Pedestrian phía phải đều vượt H=40, cần kiểm tách object trên ảnh gốc",keep_with_reason,v1.0.0,
r2_qa,B2-dense,adasind_117120.jpg,B0-B1,L_only,BOX_GEOMETRY,,P2,qa,R02;R05,"Hai ThreeWheeler chồng hình, cần kiểm biên box và occluded theo vật che",keep_with_reason,v1.0.0,
r1_craft,B2-dense,adasind_062370.jpg,R7,na,MISSING,,,,,,,,
r1_craft,B2-dense,adasind_062370.jpg,R8,na,MISSING,,,,,,,,
r1_craft,B2-dense,adasind_117120.jpg,L1,na,SPURIOUS,,,,,,,,
r1_craft,B2-dense,adasind_117120.jpg,L2,na,SPURIOUS,,,,,,,,
r1_craft,B2-dense,adasind_117120.jpg,L8,na,SPURIOUS,,,,,,,,
r1_craft,B2-dense,adasind_117120.jpg,L10,na,SPURIOUS,,,,,,,,
r1_craft,B2-dense,adasind_117120.jpg,L11,na,SPURIOUS,,,,,,,,
r1_craft,B2-dense,adasind_117120.jpg,L12,na,SPURIOUS,,,,,,,,
r3_diag,B2-dense,adasind_062370.jpg,L5+R6,LR_noM,MISSING,E4_model_domain,P2,ai_team,R01,"Learner và reference cùng có box nhưng model không ghép được ở frame center",escalate,v1.0.0,
r3_diag,B2-dense,adasind_062370.jpg,L7+R1,LR_noM,MISSING,E4_model_domain,P2,ai_team,R01,"Learner và reference cùng có box nhưng model không ghép được ở frame center",escalate,v1.0.0,
r3_diag,B2-dense,adasind_062370.jpg,L2+R5,LR_noM,MISSING,E4_model_domain,P2,ai_team,R01,"Learner và reference cùng có box nhưng model không ghép được ở frame center",escalate,v1.0.0,
r3_diag,B2-dense,adasind_062370.jpg,R7,R_only,MISSING,E5_unresolved,P1,qa,R01,"Reference có box R7 nhưng learner và model đều không có; cần mở ảnh gốc để xác minh vật đạt H=40",escalate,v1.0.0,
r3_diag,B2-dense,adasind_062370.jpg,R8,R_only,MISSING,E5_unresolved,P1,qa,R01,"Reference có box R8 nhưng learner và model đều không có; cần mở ảnh gốc để xác minh vật đạt H=40",escalate,v1.0.0,
r3_diag,B2-dense,adasind_062370.jpg,M3,M_only,SPURIOUS,E5_unresolved,P2,qa,R01,"Model-only ở frame center, chưa đủ ảnh đối chứng để kết luận box thừa",escalate,v1.0.0,
r3_diag,B2-dense,adasind_062370.jpg,M4,M_only,SPURIOUS,E5_unresolved,P2,qa,R01,"Model-only ở frame edge, chưa đủ ảnh đối chứng để kết luận box thừa",escalate,v1.0.0,
r3_diag,B2-dense,adasind_062370.jpg,M5,M_only,SPURIOUS,E5_unresolved,P2,qa,R01,"Model-only ở frame center, chưa đủ ảnh đối chứng để kết luận box thừa",escalate,v1.0.0,
r3_diag,B2-dense,adasind_062370.jpg,M8,M_only,SPURIOUS,E5_unresolved,P2,qa,R01,"Model-only ở frame mid, chưa đủ ảnh đối chứng để kết luận box thừa",escalate,v1.0.0,
r3_diag,B2-dense,adasind_062370.jpg,M10,M_only,SPURIOUS,E5_unresolved,P2,qa,R01,"Model-only ở frame center, chưa đủ ảnh đối chứng để kết luận box thừa",escalate,v1.0.0,
r3_diag,B2-dense,adasind_069450.jpg,L2+R1,LR_noM,MISSING,E4_model_domain,P2,ai_team,R01,"Learner và reference cùng có box nhưng model không ghép được ở frame mid",escalate,v1.0.0,
r3_diag,B2-dense,adasind_069450.jpg,L1+R2,LR_noM,MISSING,E4_model_domain,P2,ai_team,R01,"Learner và reference cùng có box nhưng model không ghép được ở frame edge",escalate,v1.0.0,
r3_diag,B2-dense,adasind_069450.jpg,M5,M_only,SPURIOUS,E5_unresolved,P2,qa,R01,"Model-only ở frame edge, cần kiểm ảnh gốc trước khi kết luận",escalate,v1.0.0,
r3_diag,B2-dense,adasind_069450.jpg,M7,M_only,SPURIOUS,E5_unresolved,P2,qa,R01,"Model-only ở frame mid, cần kiểm ảnh gốc trước khi kết luận",escalate,v1.0.0,
r3_diag,B2-dense,adasind_117120.jpg,L6+R2,LR_noM,MISSING,E4_model_domain,P2,ai_team,R01,"Learner và reference cùng có box nhưng model không ghép được ở frame center",escalate,v1.0.0,
r3_diag,B2-dense,adasind_117120.jpg,L5+R4,LR_noM,MISSING,E4_model_domain,P2,ai_team,R01,"Learner và reference cùng có box nhưng model không ghép được ở frame center",escalate,v1.0.0,
r3_diag,B2-dense,adasind_117120.jpg,L1,L_only,SPURIOUS,E5_unresolved,P1,qa,R02;R05,"Learner-only ThreeWheeler trong vùng chồng hình; cần xác minh vật nhìn thấy và occlusion trên ảnh gốc",escalate,v1.0.0,
r3_diag,B2-dense,adasind_117120.jpg,L2,L_only,SPURIOUS,E5_unresolved,P1,qa,R02;R05,"Learner-only ThreeWheeler trong vùng chồng hình; cần xác minh vật nhìn thấy và occlusion trên ảnh gốc",escalate,v1.0.0,
r3_diag,B2-dense,adasind_117120.jpg,L8,L_only,SPURIOUS,E5_unresolved,P1,qa,R01;R02,"Learner-only Car; cần kiểm vật có đạt H=40 và có bị vùng ignore che không",escalate,v1.0.0,
r3_diag,B2-dense,adasind_117120.jpg,L10,L_only,SPURIOUS,E5_unresolved,P1,qa,R01;R02,"Learner-only Bus; cần kiểm vật có đạt H=40 và có bị vùng ignore che không",escalate,v1.0.0,
r3_diag,B2-dense,adasind_117120.jpg,L11,L_only,SPURIOUS,E5_unresolved,P1,qa,R01;R03,"Learner-only Pedestrian; cần kiểm người có tách được khỏi phương tiện trên ảnh gốc",escalate,v1.0.0,
r3_diag,B2-dense,adasind_117120.jpg,L12,L_only,SPURIOUS,E5_unresolved,P1,qa,R01;R03,"Learner-only Pedestrian; cần kiểm người có tách được khỏi phương tiện trên ảnh gốc",escalate,v1.0.0,
r3_diag,B2-dense,adasind_117120.jpg,M1,M_only,SPURIOUS,E5_unresolved,P2,qa,R01,"Model-only ở frame center, cần kiểm ảnh gốc trước khi kết luận box thừa",escalate,v1.0.0,
r3_diag,B2-dense,adasind_117120.jpg,M6,M_only,SPURIOUS,E5_unresolved,P2,qa,R01,"Model-only ở frame mid, cần kiểm ảnh gốc trước khi kết luận box thừa",escalate,v1.0.0,
r3_diag,B2-dense,adasind_117120.jpg,M7,M_only,SPURIOUS,E5_unresolved,P2,qa,R01,"Model-only ở frame center, cần kiểm ảnh gốc trước khi kết luận box thừa",escalate,v1.0.0,
r3_diag,B2-dense,adasind_117120.jpg,M8,M_only,SPURIOUS,E5_unresolved,P2,qa,R01,"Model-only ở frame center, cần kiểm ảnh gốc trước khi kết luận box thừa",escalate,v1.0.0,
r3_diag,B2-dense,adasind_117120.jpg,M10,M_only,SPURIOUS,E5_unresolved,P2,qa,R01,"Model-only ở frame center, cần kiểm ảnh gốc trước khi kết luận box thừa",escalate,v1.0.0,
